<?xml version="1.0" encoding="UTF-8"?>
<metadata>
   <idinfo>
      <citation>
         <citeinfo>
            <origin>U.S. Department of Commerce, U.S. Census Bureau, Geography 
                    Division</origin>
            <pubdate>2017</pubdate>
            <title>TIGER/Line Shapefile, 2017,  state, South Carolina, Current State Legislative District (SLD) Upper Chamber State-based</title>
            <edition>2017</edition>
            <geoform>vector digital data</geoform>
            <onlink>http://www2.census.gov/geo/tiger/TIGER2017/SLDU/tl_2017_45_sldu.zip</onlink>
         </citeinfo>
      </citation>
      <descript>
         <abstract>The TIGER/Line shapefiles and related database files (.dbf) are an extract of selected geographic and cartographic information from the U.S. Census Bureau' Master Address File / Topologically Integrated Geographic Encoding and Referencing (MAF/TIGER) Database (MTDB). The MTDB represents a seamless national file with no overlaps or gaps between parts, however, each TIGER/Line shapefile is designed to stand alone as an independent data set, or they can be combined to cover the entire nation.

State Legislative Districts (SLDs) are the areas from which members are elected to State legislatures. The SLDs embody the upper (senate) and lower (house) chambers of the state legislature. Nebraska has a unicameral legislature and the District of Columbia has a single council, both of which the Census Bureau treats as upper-chamber legislative areas for the purpose of data presentation; there are no data by SLDL for either Nebraska or the District of Columbia. A unique three-character census code, identified by State participants, is assigned to each SLD within a state. In Connecticut, Illinois, Louisiana, Maine, Maryland, Massachusetts, Michigan, Ohio, and Puerto Rico, the Redistricting Data Program (RDP) participant did not define the SLDs to cover all of the state or state equivalent area. In these areas with no SLDs defined, the code "ZZZ" has been assigned, which is treated as a single SLD for purposes of data presentation.

The boundaries of the 2016 State legislative districts were provided by state-level participants through the RDP and reflect the districts used to elect members in or prior to the November 2016 election.</abstract>
         <purpose>In order for others to use the information in the Census MAF/TIGER database in a geographic information system (GIS) or for other geographic applications, the Census Bureau releases to the public extracts of the database in the form of TIGER/Line Shapefiles.</purpose>
      </descript>
      <timeperd>
         <timeinfo>
            <rngdates>
               <begdate>201606</begdate>
               <enddate>201705</enddate>
            </rngdates>
         </timeinfo>
         <current>publication date</current>
      </timeperd>
      <status>
         <progress>Complete</progress>
         <update>No changes or updates will be made to this version of the TIGER/Line Shapefiles.  Future releases of TIGER/Line Shapefiles will reflect updates made to the Census MAF/TIGER database.</update>
      </status>
      <spdom>
         <bounding>
            <westbc>-83.353928</westbc>
            <eastbc>-78.499301</eastbc>
            <northbc>35.21554</northbc>
            <southbc>32.033454</southbc>
         </bounding>
      </spdom>
      <keywords>
         <theme>
            <themekt>NGDA Portfolio Themes</themekt>
            <themekey>NGDA</themekey>
            <themekey>Governmental Units and Administrative and Statistical Boundaries Theme</themekey>
            <themekey>National Geospatial Data Asset</themekey>
         </theme>
         <theme>
            <themekt>None</themekt>
            <themekey>State or equivalent entity</themekey>
            <themekey>Polygon</themekey>
            <themekey>Legislative District</themekey>
         </theme>
         <theme>
            <themekt>ISO 19115 Topic Categories</themekt>
            <themekey>Boundaries</themekey>
         </theme>
         <place>
            <placekt>ANSI INCITS 38:2009 (Formerly FIPS 5-2), 
                              ANSI INCITS 31:2009 (Formerly FIPS 6-4),ANSI 
                              INCITS 454:2009 (Formerly FIPS 8-6), ANSI INCITS 
                              455:2009(Formerly FIPS 9-1), ANSI INCITS 446:2008                           (Geographic Names Information System (GNIS))</placekt>
            <placekey>United States</placekey>
            <placekey>U.S.</placekey>
            <placekey>State or Equivalent Entity</placekey>
            <placekey>South Carolina</placekey>
            <placekey>SC</placekey>
            <placekey>45</placekey>
         </place>
      </keywords>
      <accconst>None</accconst>
      <useconst>The TIGER/Line Shapefile products are not copyrighted however TIGER/Line and Census TIGER are registered trademarks of the U.S. Census Bureau.  These products are free to use in a product or publication, however acknowledgement must be given to the U.S. Census Bureau as the source.
The boundary information in the TIGER/Line Shapefiles are for statistical data collection and tabulation purposes only; their depiction and designation for statistical purposes does not constitute a determination of jurisdictional authority or rights of ownership or entitlement and they are not legal land descriptions.Coordinates in the TIGER/Line shapefiles have six implied decimal places, but the positional accuracy of these coordinates is not as great as the six decimal places suggest.</useconst>
      <ptcontac>
         <cntinfo>
            <cntorgp>
               <cntorg>U.S. Department of Commerce, U.S. Census Bureau, 
                         Geography Division, Spatial Data Collection and Products Branch</cntorg>
            </cntorgp>
            <cntaddr>
               <addrtype>mailing</addrtype>
               <address>4600 Silver Hill Road, Stop 7400</address>
               <city>Washington</city>
               <state>DC</state>
               <postal>20233-7400</postal>
               <country>United States</country>
            </cntaddr>
            <cntvoice>301-763-1128</cntvoice>
            <cntfax>301-763-4710</cntfax>
            <cntemail>geo.geography@census.gov</cntemail>
         </cntinfo>
      </ptcontac>
   </idinfo>
   <dataqual>
      <attracc>
         <attraccr>Accurate against National Standard Codes, Federal Information Processing (FIPS) and the Geographic Names Information System (GNIS) at the 100% level for the codes and base names.  The remaining attribute information has been examined but has not been fully tested for accuracy.</attraccr>
      </attracc>
      <logic>The Census Bureau performed automated tests to ensure logical consistency and limits of shapefiles.  Segments making up the outer and inner boundaries of a polygon tie end-to-end to completely enclose the area.  All polygons are tested for closure.
The Census Bureau uses its internally developed geographic update system to enhance and modify spatial and attribute data in the Census MAF/TIGER database.  Standard geographic codes, such as FIPS codes for states, counties, municipalities, county subdivisions, places, American Indian/Alaska Native/Native Hawaiian areas, and congressional districts are used when encoding spatial entities.  The Census Bureau performed spatial data tests for logical consistency of the codes during the compilation of the original Census MAF/TIGER database files.  Most of the codes for geographic entities except states, counties, urban areas, Core Based Statistical Areas (CBSAs), American Indian Areas (AIAs), and congressional districts were provided to the Census Bureau by the USGS, the agency responsible for maintaining the Geographic Names Information System (GNIS).  Feature attribute information has been examined but has not been fully tested for consistency.
For the TIGER/Line Shapefiles, the Point and Vector Object Count for the G-polygon SDTS Point and Vector Object Type reflects the number of records in the shapefile attribute table.  For multi-polygon features, only one attribute record exists for each multi-polygon rather than one attribute record per individual G-polygon component of the multi-polygon feature.  TIGER/Line Shapefile multi-polygons are an exception to the G-polygon object type classification.  Therefore, when multi-polygons exist in a shapefile, the object count will be less than the actual number of G-polygons.</logic>
      <complete>Data completeness of the TIGER/Line Shapefiles reflects the contents of the Census MAF/TIGER database at the time the TIGER/Line Shapefiles were created.</complete>
      <lineage>
         <srcinfo>
            <srccite>
               <citeinfo>
                  <origin>U.S. Department of Commerce, U.S. Census Bureau, Geography Division</origin>
                  <pubdate>Unpublished material</pubdate>
                  <title>Census MAF/TIGER database</title>
               </citeinfo>
            </srccite>
            <typesrc>online</typesrc>
            <srctime>
               <timeinfo>
                  <rngdates>
                     <begdate>201606</begdate>
                     <enddate>201705</enddate>
                  </rngdates>
               </timeinfo>
               <srccurr>publication date</srccurr>
            </srctime>
            <srccitea>MAF/TIGER</srccitea>
            <srccontr>All line segments</srccontr>
         </srcinfo>
         <procstep>
            <procdesc>TIGER/Line Shapefiles are extracted from the Census MAF/TIGER database by nation, state, county, and entity.  Census MAF/TIGER data for all of the aforementioned geographic entities are then distributed among the shapefiles each containing attributes for line, polygon, or landmark geographic data. </procdesc>
            <srcused>MAF/TIGER</srcused>
            <procdate>2017</procdate>
         </procstep>
      </lineage>
   </dataqual>
   <spdoinfo>
      <indspref>Federal Information Processing Series (FIPS), Geographic Names Information System (GNIS), and feature names.</indspref>
      <direct>Vector</direct>
      <ptvctinf>
         <sdtsterm>
            <sdtstype>G-polygon</sdtstype>
            <ptvctcnt>46</ptvctcnt>
         </sdtsterm>
      </ptvctinf>
   </spdoinfo>
   <spref>
      <horizsys>
         <geograph>
            <latres>0.000458</latres>
            <longres>0.000458</longres>
            <geogunit>Decimal degrees</geogunit>
         </geograph>
         <geodetic>
            <horizdn>North American Datum of 1983</horizdn>
            <ellips>Geodetic Reference System 80</ellips>
            <semiaxis>6378137</semiaxis>
            <denflat>298.257</denflat>
         </geodetic>
      </horizsys>
   </spref>
   <eainfo>
      <detailed>
         <enttyp>
            <enttypl>SLDU.shp</enttypl>
            <enttypd>Current State Legislative District (SLD) (Upper Chamber) State-based</enttypd>
            <enttypds>U.S. Census Bureau</enttypds>
         </enttyp>
         <attr>
            <attrlabl>STATEFP</attrlabl>
            <attrdef>Current state Federal Information Processing Series (FIPS) code</attrdef>
            <attrdefs>U.S. Census Bureau</attrdefs>
            <attrdomv>
               <codesetd>
                  <codesetn>National Standard Codes (ANSI INCITS 38-2009), Federal Information Processing 
                      Series (FIPS) - States/State Equivalents</codesetn>
                  <codesets>U.S. Census Bureau</codesets>
               </codesetd>
            </attrdomv>
         </attr>
         <attr>
            <attrlabl>SLDUST</attrlabl>
            <attrdef>Current state legislative district (upper chamber) code</attrdef>
            <attrdefs>U.S. Census Bureau</attrdefs>
            <attrdomv>
               <udom>Any ASCII alphabetic or numeric character combination plus hyphens from one to three 
                characters. A code of ZZZ represents a State legislative district (upper chamber) that 
                has not been defined.</udom>
            </attrdomv>
         </attr>
         <attr>
            <attrlabl>GEOID</attrlabl>
            <attrdef>State legislative district upper chamber identifier; a concatenation of Current state 
                 FIPS code and state legislative district upper chamber code</attrdef>
            <attrdefs>U.S. Census Bureau</attrdefs>
            <attrdomv>
               <udom>The GEOID attribute is a concatenation of the state FIPS code followed by the state 
                legislative district upper chamber code. No spaces are allowed between the two codes. 
                The State FIPS code is taken from "National Standard Codes (ANSI INCITS 38-2009), 
                Federal Information Processing Series (FIPS) - States". The state legislative 
                district upper chamber code is taken from the "SLDUST" attribute.</udom>
            </attrdomv>
         </attr>
         <attr>
            <attrlabl>NAMELSAD</attrlabl>
            <attrdef>Current name and the translated legal/statistical area description for the state 
                 legislative district (upper chamber)</attrdef>
            <attrdefs>U.S. Census Bureau</attrdefs>
            <attrdomv>
               <udom>Values for this attribute are composed of a set of name codes. As such, they do not 
                exist in a known, predefined set. For the current name and the translated legal/statistical                 area description code, refer to the "LSAD" attribute.</udom>
            </attrdomv>
         </attr>
         <attr>
            <attrlabl>LSAD</attrlabl>
            <attrdef>Current legal/statistical area description code for state legislative district 
                 (upper chamber)</attrdef>
            <attrdefs>U.S. Census Bureau</attrdefs>
            <attrdomv>
               <edom>
                  <edomv>00</edomv>
                  <edomvd>Blank</edomvd>
                  <edomvds>U.S. Census Bureau</edomvds>
               </edom>
            </attrdomv>
            <attrdomv>
               <edom>
                  <edomv>07</edomv>
                  <edomvd>District (suffix)</edomvd>
                  <edomvds>U.S. Census Bureau</edomvds>
               </edom>
            </attrdomv>
            <attrdomv>
               <edom>
                  <edomv>L1</edomv>
                  <edomvd>Ward (prefix)</edomvd>
                  <edomvds>U.S. Census Bureau</edomvds>
               </edom>
            </attrdomv>
            <attrdomv>
               <edom>
                  <edomv>L2</edomv>
                  <edomvd>Senatorial District (suffix)</edomvd>
                  <edomvds>U.S. Census Bureau</edomvds>
               </edom>
            </attrdomv>
            <attrdomv>
               <edom>
                  <edomv>L8</edomv>
                  <edomvd>State Senate District (suffix)</edomvd>
                  <edomvds>U.S. Census Bureau</edomvds>
               </edom>
            </attrdomv>
            <attrdomv>
               <edom>
                  <edomv>LU</edomv>
                  <edomvd>State Senate District (prefix)</edomvd>
                  <edomvds>U.S. Census Bureau</edomvds>
               </edom>
            </attrdomv>
         </attr>
         <attr>
            <attrlabl>LSY</attrlabl>
            <attrdef>Legislative session year</attrdef>
            <attrdefs>U.S. Census Bureau</attrdefs>
            <attrdomv>
               <rdom>
                  <rdommin>2000</rdommin>
                  <rdommax>2999</rdommax>
               </rdom>
            </attrdomv>
         </attr>
         <attr>
            <attrlabl>MTFCC</attrlabl>
            <attrdef>MAF/TIGER feature class code</attrdef>
            <attrdefs>U.S. Census Bureau</attrdefs>
            <attrdomv>
               <edom>
                  <edomv>G5210</edomv>
                  <edomvd>State Legislative District (Upper Chamber)</edomvd>
                  <edomvds>U.S. Census Bureau</edomvds>
               </edom>
            </attrdomv>
         </attr>
         <attr>
            <attrlabl>FUNCSTAT</attrlabl>
            <attrdef>Current functional status</attrdef>
            <attrdefs>U.S. Census Bureau</attrdefs>
            <attrdomv>
               <edom>
                  <edomv>F</edomv>
                  <edomvd>Fictitious entity created to fill the Census Bureau geographic hierarchy</edomvd>
                  <edomvds>U.S. Census Bureau</edomvds>
               </edom>
            </attrdomv>
            <attrdomv>
               <edom>
                  <edomv>N</edomv>
                  <edomvd>Nonfunctioning legal entity</edomvd>
                  <edomvds>U.S. Census Bureau</edomvds>
               </edom>
            </attrdomv>
         </attr>
         <attr>
            <attrlabl>ALAND</attrlabl>
            <attrdef>Current land area (square meters)</attrdef>
            <attrdefs>U.S. Census Bureau</attrdefs>
            <attrdomv>
               <rdom>
                  <rdommin>0</rdommin>
                  <rdommax>9,999,999,999,999</rdommax>
               </rdom>
            </attrdomv>
         </attr>
         <attr>
            <attrlabl>AWATER</attrlabl>
            <attrdef>Current water area (square meters)</attrdef>
            <attrdefs>U.S. Census Bureau</attrdefs>
            <attrdomv>
               <rdom>
                  <rdommin>0</rdommin>
                  <rdommax>9,999,999,999,999</rdommax>
               </rdom>
            </attrdomv>
         </attr>
         <attr>
            <attrlabl>INTPTLAT</attrlabl>
            <attrdef>Current latitude of the internal point</attrdef>
            <attrdefs>U.S. Census Bureau</attrdefs>
            <attrdomv>
               <rdom>
                  <rdommin>-90.000000</rdommin>
                  <rdommax>90.000000</rdommax>
               </rdom>
            </attrdomv>
         </attr>
         <attr>
            <attrlabl>INTPTLON</attrlabl>
            <attrdef>Current longitude of the internal point</attrdef>
            <attrdefs>U.S. Census Bureau</attrdefs>
            <attrdomv>
               <rdom>
                  <rdommin>-180.000000</rdommin>
                  <rdommax>180.000000</rdommax>
               </rdom>
            </attrdomv>
         </attr>
      </detailed>
   </eainfo>
   <distinfo>
      <distrib>
         <cntinfo>
            <cntorgp>
               <cntorg>U.S. Department of Commerce, U.S. Census Bureau, Geography Division, Spatial Data Collection and Products Branch</cntorg>
            </cntorgp>
            <cntaddr>
               <addrtype>mailing</addrtype>
               <address>4600 Silver Hill Road, Stop 7400</address>
               <city>Washington</city>
               <state>DC</state>
               <postal>20233-7400</postal>
               <country>United States</country>
            </cntaddr>
            <cntvoice>301-763-1128</cntvoice>
            <cntfax>301-763-4710</cntfax>
            <cntemail>geo.geography@census.gov</cntemail>
         </cntinfo>
      </distrib>
      <distliab>No warranty, expressed or implied is made with regard to the accuracy of these data, and no liability is assumed by the U.S. Government in general or the U.S. Census Bureau in specific as to the spatial or attribute accuracy of the data.  The act of distribution shall not constitute any such warranty and no responsibility is assumed by the U.S. government in the use of these files.  The boundary information in the TIGER/Line Shapefiles is for statistical data collection and tabulation purposes only; their depiction and designation for statistical purposes do not constitute a determination of jurisdictional authority or rights of ownership or entitlement and they are not legal land descriptions.</distliab>
      <stdorder>
         <digform>
            <digtinfo>
               <formname>TGRSHP (compressed)</formname>
               <filedec>PK-ZIP, version 1.93 A or higher</filedec>
            </digtinfo>
            <digtopt>
               <onlinopt>
                  <computer>
                     <networka>
                        <networkr>http://www2.census.gov/geo/tiger/TIGER2017/SLDU/tl_2017_45_sldu.zip</networkr>
                     </networka>
                  </computer>
               </onlinopt>
            </digtopt>
         </digform>
         <fees>The online copy of the TIGER/Line Shapefiles may be accessed without charge.</fees>
         <ordering>To obtain more information about ordering TIGER/Line Shapefiles visit http://www.census.gov/geo/www/tiger </ordering>
      </stdorder>
      <techpreq>The TIGER/Line shapefiles contain geographic data only and do not include display mapping software or statistical data.  For information on how to use the TIGER/Line shapefile data with specific software package users shall contact the company that produced the software.</techpreq>
   </distinfo>
   <metainfo>
      <metd>20170601</metd>
      <metc>
         <cntinfo>
            <cntorgp>
               <cntorg>U.S. Department of Commerce, U.S. Census Bureau, Geography Division, Spatial Data Collection and Products Branch</cntorg>
            </cntorgp>
            <cntaddr>
               <addrtype>mailing</addrtype>
               <address>4600 Silver Hill Road, Stop 7400</address>
               <city>Washington</city>
               <state>DC</state>
               <postal>20233-7400</postal>
               <country>United States</country>
            </cntaddr>
            <cntvoice>301-763-1128</cntvoice>
            <cntfax>301-763-4710</cntfax>
            <cntemail>geo.geography@census.gov</cntemail>
         </cntinfo>
      </metc>
      <metstdn>FGDC Content Standards for Digital Geospatial Metadata</metstdn>
      <metstdv>FGDC-STD-001-1998</metstdv>
   </metainfo>
</metadata>